Sample,Alter,Class,HbA1c,Geschlecht,Height,Body_weight,BMI,Body_fat,Fat_free_mass,Waist,Hip,WHR,Hamoglobin,Erythrozyten,Thrombozyten,Leukocytes,ALAT,ASAT,gGT,Fasting_plasma_glucose,Fasting_plasma_insulin,C-Peptid,Proinsulin,Creatinin,Triglycerides,Cholesterol_total,HDL-Cholesterol,LDL-Cholesterol,Gesamteiweib,Albumin,TSH,fT3,fT4,Cortisol,Testosteron,HOMA-IR,Free_fatty_acids,RRsys,RR_dia,ssCRP,P_1_HSA,P_2_HSA,P_3_HSA,P_4_HSA,P_5_HSA,P_6_HSA,P_7_HSA,P_8_HSA,P_9_HSA,P_10_HSA,P_11_HSA,P_12_HSA,P_13_HSA,P_14_HSA,P_15_IGKC,P_16_IGKC,P_17_IGKC,P_18_FGB,P_19_FGB,P_20_FGB,P_21_A2M,P_22_A2M,P_23_TF,P_24_IGLC1,P_25_APOA1,P_26_APOA1,P_27_HP,P_28_C3,P_29_FGA,P_30_FGA
1,52,NGT,5.3,m,1.85,92.5,27,?,?,?,?,?,9.8,4.66,254,12.7,0.58,0.52,0.45,5.16,15.7,?,?,80,3.28,3.8,0.67,2.48,75.4,47.3,0.98,5.17,16.3,?,?,0.5,0.36,130,82,0.3,?,?,?,?,?,?,?,?,?,?,?,?,?,?,?,?,?,?,?,?,?,?,?,?,?,?,?,?,?,?
2,56,T2D,5.2,m,1.78,109,34.4,32.7,73.4,?,?,?,8.3,4.32,216,7.4,0.29,0.31,0.52,5.69,199,0.43,?,78,1.22,4.48,0.99,2.85,70.8,?,0.72,5.23,21.5,?,?,7.2,0.3,?,?,0.48,33.58,7.18,9.35,35.71,94.44,149.09,153.05,35.52,97.53,71.2,1.9,2026.96,125.09,21.63,5.89,37.15,3.07,2.22,?,?,0.82,14.7,5.46,1.39,1.5,2.24,63.09,?,0.86,1.38
3,64,T2D,5.9,m,1.66,104,37.7,33.9,?,?,?,?,8.9,5.44,180,5.9,1.4,1.26,1.15,9.05,160,0.27,?,82,1.63,4.4,1.1,3.18,?,?,0.97,?,?,?,?,9.3,1.04,?,?,7.15,37.57,8.7,10.79,33.65,94.11,159.94,198.88,39.65,86.06,75.48,2.48,2506.2,159.24,22.55,6.11,38.5,3.15,2.28,?,?,0.94,36.7,5.14,2.24,1.48,2.61,69.98,?,0.82,1.12
4,65,T2D,5.6,m,1.74,97.7,32.3,33.8,?,?,?,?,8.9,4.68,169,5.4,0.55,0.34,0.9,5.78,247,0.94,?,124,3.01,5.62,1.74,3.03,66.1,?,1.02,5.01,17.6,?,?,9.1,0.37,?,?,?,27.31,5.42,5.64,27.49,67.01,119.07,148.32,28.9,56.38,59.26,1.59,1752.07,115.41,14.71,3.6,33.76,1.72,1.8,?,?,0.52,19.07,3.23,1.07,1.29,2.54,54.5,?,0.79,0.99
5,60,T2D,4.8,m,1.83,122.8,36.7,?,?,?,?,?,8.5,4.83,237,6.6,0.57,0.53,0.68,7.16,534,1.81,?,69,3.14,4.54,1.09,2.49,72.1,?,1,4.61,15.7,?,?,24.5,0.99,168,95,0.2,29.09,5.81,4.69,36.07,65.99,124.19,154.55,26.48,63.73,53.5,1.57,1939.66,115.18,16.83,3.09,30.52,1.88,1.36,?,?,0.43,13.09,3.04,1.66,0.96,2.07,33.92,?,0.78,1.09
6,67,T2D,6.2,m,1.77,96.8,30.9,?,?,?,?,?,?,?,?,?,0.65,0.63,0.64,6.53,266,0.72,?,81,1.75,5.27,1.36,3.18,76.3,?,1.3,5.43,19.2,?,?,11.1,0.54,165,84,0.3,41.13,8.4,8.85,35.59,109.13,176.02,209.62,44.35,104.22,84.78,3.28,2509.23,158.92,23.69,7.24,42.34,3.2,2.35,?,?,0.88,36.83,5.57,2.56,1.67,3.31,37.19,?,0.81,1.33
7,64,T2D,6.1,m,1.66,73,26.5,25.3,?,?,?,?,9.2,5.04,271,13.3,0.33,0.47,0.45,7.91,320,0.5,?,80,1.86,6.25,1.24,4.59,75.1,47.4,2.17,5.16,14.3,?,?,16.2,0.42,133,77,0.11,34.32,6.26,2.01,21.96,71.01,212.8,190.2,40.22,79.62,66.39,1.63,2297.74,134.01,18.05,3.84,33.6,2.04,1.66,?,?,0.52,17.29,2.89,1.05,0.88,1.68,4.63,?,0.74,0.87
8,64,T2D,5,m,1.78,104.5,33,34.5,?,?,?,?,8.8,4.72,133,5.3,0.52,0.42,0.61,7.85,35.1,0.69,?,96,2.61,5.67,1.03,3.69,?,?,2.87,5.14,19.2,?,?,1.8,0.65,135,75,1.01,21.22,3.88,1.3,13.2,34.29,69.77,96.19,19.7,54.97,43.84,1.27,1195.94,41.87,4.67,2.58,27.37,1.76,1.74,?,?,0.47,28.31,2.33,1.49,0.72,2.02,59.82,?,0.72,0.81
9,67,NGT,6,m,1.8,83.9,25.9,?,?,?,?,?,8.7,4.55,247,5.8,0.42,0.46,0.39,4.96,26.3,0.95,?,83,1.27,5.05,1.55,3.23,?,?,?,?,?,?,?,0.8,0.1,117,81,0.75,30.22,5.67,1.98,17.27,59.96,124.92,165.01,34.28,59.13,61.85,1.31,2058.74,122.26,13.91,3.91,33.45,2.12,1.31,?,?,0.42,8.91,2.91,1.08,0.91,1.71,15.15,?,0.75,0.88
10,62,T2D,6.1,m,1.68,101.2,35.9,36.5,64.3,?,?,?,8.6,4.42,253,6.9,0.38,0.52,0.29,6.4,169.5,0.66,?,73,1.71,5.43,1.11,3.53,70.9,49.2,1.31,5.1,15.1,?,?,6.9,1.05,?,?,29.6,30.62,5.57,5.63,22.99,71.8,115.23,151.19,28.46,67.93,57.81,2.06,1757.27,116.16,17.45,6.18,45.58,3,2.9,?,?,0.65,19.96,4.29,3.14,1.33,2.04,43.93,?,0.88,1.34
11,63,NGT,5.9,m,1.77,86.4,27.6,22.2,67.2,?,?,?,9.2,4.96,233,5.4,0.36,0.46,0.37,4.98,6.9,0.01,?,75,2.27,4.35,1.6,2.71,68,?,0.84,4.87,13.8,?,?,0.2,0.13,114,81,0.47,25.47,4.59,4.68,20.99,57.62,97.47,141.73,21.62,55.32,47.48,1.31,1699.43,103.31,13.41,4.44,35.64,2.12,1.47,?,?,0.63,12.6,2.81,1,1.01,1.7,28.98,?,0.85,1.05
12,46,T2D,7.1,m,1.7,99.3,34.4,31.6,?,?,?,?,9,5.03,262,10.5,0.6,0.49,0.5,7.63,223,1.5,?,111,2.42,6.27,1.02,4.59,75.9,?,1.01,5.79,22.4,?,?,10.9,0.67,120,80,0.26,34.95,6.45,3.27,25.14,75.75,129.41,201.69,36.89,73.14,72.76,2.17,2162.66,152.81,18.28,5.03,37.75,2.4,2.02,?,?,0.56,14.6,3.6,1.63,1.16,1.98,57.69,?,0.77,0.96
13,61,T2D,6.8,m,1.74,114.6,37.9,35.6,?,?,?,?,?,?,?,?,?,?,?,9.84,73.3,1.04,?,85,1.86,4.74,1.12,3.24,?,?,?,?,?,?,?,4.6,0.44,146,94,0.15,42.57,8.16,3.28,32.65,102.23,216.34,250.82,47.75,104.45,85.05,2.39,2803.87,190.98,23.48,3.45,32.55,2.04,2.06,?,?,0.82,41.42,4.18,1.44,1.38,2.78,65.06,?,0.76,1.1
14,64,T2D,6.7,m,1.87,103,29.5,29.5,?,?,?,?,9,4.62,177,10.4,0.35,0.35,0.32,9.4,136.8,?,?,76,2.46,3.57,0.98,1.98,74.7,44.7,1.92,5.21,16,?,?,8.2,0.68,?,?,0.1,35.41,6,2.68,12.34,66.84,150.87,208.84,35.18,71.51,70.65,1.47,2290.02,156.34,17.13,6.92,39.78,2.09,3.21,?,?,0.72,24.39,3.42,1.94,1.05,1.66,54.75,?,0.79,1.33
15,47,NGT,5.1,m,1.77,80,25.5,?,?,?,?,?,9.5,4.88,288,4.4,0.58,0.51,0.57,4.88,65.3,?,?,76,0.89,5.48,2.02,3.3,75.9,49.6,1.34,6,17.9,?,?,2,0.06,109,70,0.02,32.6,5.97,2.52,9.22,58.04,141.5,202.94,27.02,57.82,61.54,1.45,2460.55,138.47,16.11,3.99,34.81,2.08,1.36,?,?,0.45,11.51,3.02,1.32,1.02,1.73,12.61,?,0.77,0.89
16,55,T2D,7.5,m,1.86,130.3,37.7,37.9,94,?,?,?,6.8,3.55,299,9.5,0.6,0.62,0.42,5.69,1368.2,6.4,48.16,98,2.07,3.63,1.03,2,?,?,0.65,3.82,14.3,489.1,?,49.8,1.36,?,?,1.07,41.88,7.9,3.2,27.88,97.84,184.89,251.14,47.67,87.69,85.48,3.3,2658.14,182.18,23.33,6.59,42.87,2.91,3.09,?,?,0.7,21.19,4.69,2.15,1.24,2.82,45.27,?,0.8,1.38
17,64,T2D,5.6,m,1.75,91.7,29.9,28.6,70.5,?,?,?,9.2,4.98,315,8,0.48,0.58,0.93,9.51,178,1.03,?,72,0.83,3.7,1.65,2.15,75.5,?,1.4,5.46,16.5,?,?,10.8,0.31,130,75,?,37.9,8.04,2.51,19.57,87.18,170.87,216.98,40.31,82.51,72.61,1.49,2564.34,164.34,17.06,5.48,39.93,2.59,2.1,?,?,0.56,22.83,4.2,1.72,1.43,2.52,31.07,?,0.77,1.03
18,52,T2D,9.7,m,1.7,104,36,?,?,?,?,?,9.5,5.04,202,5.5,0.87,0.48,0.82,6.56,170,1.25,?,86,2.79,4.98,0.95,3.31,79.4,?,0.49,6.47,16.2,?,?,7.1,0.59,?,?,0.61,30.93,5.62,3.54,7.49,57.62,122.39,194.72,24.98,65.38,58.08,1.41,2219.41,128.5,15.78,6.18,43.25,2.04,1.23,?,?,0.5,16.36,3,1.81,0.82,0.91,9.4,?,0.75,0.76
19,66,T2D,8.3,m,1.84,89.5,26.4,26.1,66.1,?,?,?,8.7,4.32,162,5,0.58,0.65,1.27,6.42,25.2,0.31,?,74,2.55,5.56,1.15,3.82,79.7,?,0.72,5.66,16.2,?,?,1,0.59,126,91,0.34,66.58,11.5,3.57,17.28,104.06,249.21,411.28,58.51,120.07,116.29,2.09,4322.13,294.79,31.12,7.14,43.85,2.14,3.5,?,?,0.94,22.34,3.88,2.39,1.37,3.02,29.86,?,0.93,0.98
20,63,T2D,6.2,m,1.76,95.8,30.9,32.9,?,?,?,?,8.5,4.1,139,4.5,0.87,0.66,1.91,5.25,29.9,0.74,?,80,1.12,5.69,1.63,3.99,80.7,?,2.1,6.25,19.7,?,?,1,1.34,155,80,0.42,35.29,5.8,2.88,12.13,55.01,134.16,216.09,30.59,51.69,57.77,2.1,2199.65,150.29,12.4,6.08,40.31,1.99,2.55,?,?,0.51,11.09,2.74,1.66,1.12,2,14.91,?,0.85,1.1
21,55,T2D,6.3,m,1.9,131.7,36.5,?,?,?,?,?,6.9,3.68,283,9.1,0.23,0.32,1.38,4.62,131.4,0.88,2.7,111,1.29,5.47,1.96,3.11,72.6,48.6,0.61,?,?,15.5,?,3.9,1.24,?,?,?,40.61,7.31,4.27,23.5,76.42,148.26,238.15,38.58,72.03,86.94,1.38,2635.35,176.27,22.34,5.4,36.24,2.57,2.39,?,?,0.54,12.2,3.73,1.65,1.25,2.14,18.05,?,0.82,1.17
22,62,T2D,7.6,m,1.7,99.2,34.3,?,?,?,?,?,8.6,4.62,192,5.5,0.46,0.61,0.64,8.2,148,0.44,?,92,2.64,4.64,1.01,2.85,76.9,?,0.93,5.52,15.3,?,?,7.8,0.7,140,80,0.57,36.22,7.29,8.71,25.97,77.04,149.09,224.3,33.04,69.33,77.35,2.26,2341.68,164.1,19.25,5.98,39.78,2.64,2.52,?,?,1.18,35.73,4.88,1.66,1.3,2.03,24.57,?,0.92,1.42
23,64,NGT,5.3,m,1.72,74.5,25.2,22.8,57.5,?,?,?,9,4.91,181,5.2,0.47,0.46,0.36,4.24,19.7,0.35,?,95,0.99,4.87,1.78,2.79,65.5,44.8,0.97,5.33,19.4,?,?,0.5,0.09,?,?,1.67,34.09,6.99,9.03,29.13,71.64,124.9,214.04,34.7,66.35,71.3,1.23,2359.09,152.06,17.97,4.74,37.45,2.22,1.64,?,?,0.51,12.03,3.97,1.04,1.69,3.06,35.18,?,0.84,1.27
24,62,T2D,6.7,m,1.73,86.4,28.9,45,47.5,?,?,?,7.8,4.11,205,4.9,0.31,0.4,0.31,4.98,61.5,0.66,?,87,0.88,5.16,1.55,3.54,66.6,?,1.33,4.36,16.6,?,?,2,0.48,140,70,0.1,35.27,6.85,9.4,32.01,79.27,186.29,229.78,37.23,79.39,80.77,2.08,2410.9,167.78,19.93,8.1,48.15,3.25,3.9,?,?,0.64,8.99,4.67,1.77,1.3,1.85,66.43,?,0.96,1.96
25,66,T2D,6.5,m,1.66,97,35.2,?,?,?,?,?,8.8,4.57,264,5.2,0.41,0.53,0.49,6.7,51.9,0.69,?,63,1.68,4.29,1.25,2.57,72.6,43.7,?,?,?,?,?,2.2,0.79,?,?,0.18,37.39,7.52,9.67,34.58,86.1,152.16,253.96,35.56,75.75,80.82,2.55,2382.8,193.48,19.45,6.21,39.86,2.51,2.73,?,?,1,27.99,5.48,1.54,1.48,2.39,50.07,?,0.92,1.54
26,65,NGT,5.6,m,1.78,83,26.2,22.4,64.4,?,?,?,9.1,5.01,296,5.9,0.77,0.79,0.53,3.59,110,1.3,?,88,0.39,2.93,1.34,1.42,67.6,46.2,1.5,4.8,16.9,?,?,2.5,0.33,139,86,0.42,30.98,5.94,5.04,20.55,63.71,123.84,200.91,23.49,55.28,61.2,1.4,2111.34,140.32,16.17,4.41,33.23,2.09,2.24,?,?,0.57,13.49,4.63,0.97,1.27,2.34,26.61,?,0.87,1.24
27,69,NGT,5.7,m,1.82,100.3,30.3,?,?,?,?,?,9.3,5.11,199,8.9,0.4,0.5,0.15,4.33,94.1,?,?,98,1.22,5.43,0.98,4.01,76.4,49.1,0.57,5.36,14.7,?,?,2.6,0.23,120,95,0.95,27.38,5.57,1.42,8.27,52.99,109.49,170.4,16.37,52.24,58.55,1.35,1829.26,113.58,14.37,3.76,30.67,2.06,2.07,?,?,0.41,2.26,2.72,1.9,0.79,1.51,28.96,?,0.79,1.04
28,51,T2D,6.1,m,1.75,107.5,35.1,?,?,?,?,?,10,5.16,190,6,2.1,1.17,1.22,3.62,123,?,?,77,1.71,4.42,1,2.83,70.8,43.8,1.43,5.02,16,?,?,2.8,0.78,?,?,1.75,28.15,5.01,2.32,10.24,62.56,117.15,175.73,21.54,55.51,60.24,2.05,1856.98,126.69,13.76,3.61,31.8,1.99,1.21,?,?,0.44,2.77,3.96,1.11,0.91,1.52,18.92,?,0.78,1.04
29,61,T2D,7.8,m,1.69,79,27.7,29.5,?,?,?,?,8.2,4.9,318,8.3,0.23,0.36,0.3,5.7,82,0.95,?,73,1.18,6.1,1.56,4.13,65.9,42.4,2.02,4.48,15.9,?,?,3,0.36,149,84,0.95,40.3,8.2,3.9,20.86,90.25,184.69,246.68,35.95,89.49,84.37,1.91,2782.29,182.83,23.75,8.8,49.2,3.4,2.54,?,?,1.22,7.94,5.53,2.17,1.45,2.44,60.74,?,0.81,1.28
30,66,T2D,6.6,m,1.78,91.5,28.9,31.2,?,?,?,?,9.4,5.2,302,9.5,0.23,0.32,0.63,8.04,123,0.97,?,77,1.43,3.16,0.8,1.74,75.6,42.4,1.02,5.93,18,?,?,6.3,0.48,?,?,1.16,40.08,7.48,3.58,14.38,102.21,176.3,229.98,33.62,94.75,84.65,1.69,2441.94,182.43,23.05,8.52,47.92,3.52,3.25,?,?,1.06,11.27,5.69,2.1,1.42,2.14,45.24,?,0.86,1.3
31,69,NGT,5.5,m,1.82,95,28.7,?,?,?,?,?,9.5,4.94,191,5.7,0.67,0.46,0.48,4.93,9.7,?,?,99,1.72,4.68,1.37,2.9,75.3,45.7,3.86,6.21,24.1,331.2,14.76,0.3,0.16,?,?,0.52,26.27,4.78,2.44,11.22,54.46,100.73,162.96,18.32,47.59,50.04,1.2,1838.78,107,15.31,6.14,41.21,2.08,1.14,?,?,0.59,1.58,3.36,1.23,1.09,1.53,16.91,?,0.8,0.99
32,45,NGT,5.4,m,1.8,105,32.4,?,?,?,?,?,9,4.7,182,6.8,0.36,0.45,2.83,4.78,65.4,?,?,71,2.36,4.01,0.88,2.17,?,?,3.57,4.73,13.5,526,9.08,2,0.12,?,?,0.1,28.82,5.48,1.87,6.56,53.44,121.97,192.96,23.27,39.63,55.78,0.97,2353.82,137.7,14.37,5.85,39.48,2.68,1.04,?,?,0.62,8.1,3,0.94,0.99,1.27,14.66,?,0.8,0.93
33,69,NGT,5.6,m,1.7,76,26.3,?,?,?,?,?,11.4,6.04,208,10.2,0.76,0.87,0.56,5.32,32.9,?,?,123,1.03,4.33,0.81,2.95,76.7,44.7,2.54,2.4,13.4,?,?,1.1,0.2,122,72,0.54,35.55,6.25,1.86,6.55,62.19,132.93,231.87,25.28,56.2,63.36,1.23,2513.76,154.44,17.66,6.18,38.65,2.02,1.26,?,?,0.51,4.95,3.4,1.19,0.93,1.06,18.98,?,0.78,0.84
34,60,NGT,5.5,m,1.76,97,31.3,?,?,?,?,?,9.2,4.89,227,5.3,0.45,0.46,0.27,5.26,16.5,?,?,85,1.1,3.37,1.08,1.91,79.3,46.8,?,?,?,?,15.38,0.6,0.01,140,90,0.18,24.16,4.48,1.25,6.46,42.43,79.11,150.27,18.69,39.28,40.17,1.08,1651.9,105.3,12.02,5.33,39.03,2.46,1.29,?,?,0.46,3.01,2.68,1.07,0.91,1.33,18.16,?,0.8,0.98
35,67,NGT,5.5,m,1.7,82,28.4,?,?,?,?,?,8.5,4.81,181,7.1,0.22,0.37,0.3,5.88,5.9,?,?,98,1.26,5.46,1.36,3.52,73.4,45.5,3.78,4.88,18.9,302.9,10.76,0.2,0.22,?,?,0.3,33.05,6.21,1.95,6.72,62.19,143.95,215.45,26.52,53.02,63.87,1.47,2455.95,148.65,18.02,4.49,34.36,2.13,1.14,?,?,0.69,10.69,3.45,1.29,1.16,1.83,16.41,?,0.79,0.98
36,59,T2D,6.9,m,1.78,104,32.8,?,?,?,?,?,9.1,4.8,156,5.4,0.9,0.63,?,6.2,365.8,?,?,108,2.69,3.69,1.06,1.94,69.3,47.2,0.82,4.87,19.4,?,?,14.5,0.94,155,100,1.68,38.82,8.27,3.05,13.62,100.37,298.78,239.65,38.1,78.32,85.52,2.52,2405.66,184.78,23.42,4.73,34.43,2.27,1.95,?,?,0.81,7.76,5.37,1.43,1.41,2.62,40.76,?,0.81,1.23
37,63,T2D,6.3,m,1.85,105,30.7,31.6,?,?,?,?,8.9,4.83,215,5.5,0.49,0.56,0.7,10.81,259.4,?,?,89,1.81,3.14,0.75,1.73,?,?,0.72,3.77,14.8,257.9,17.87,17.9,0.94,115,80,?,46.32,8.18,1.32,4.93,82,175.55,271.53,35.86,70.08,92.51,1.51,3183.01,205.85,22.74,4.85,35.94,2.28,0.91,?,?,0.59,16.63,3.06,2.04,0.87,1.35,42.55,?,0.72,0.84
38,46,NGT,5.5,m,1.65,68,25,16.2,57,?,?,0.65,8.3,4.58,308,9.8,0.87,0.89,2.07,5.23,347,?,?,69,1.27,5.36,0.98,4.1,67.6,42.6,2.35,4.09,14.3,?,?,11.6,0.33,114,86,0.76,32.34,6,1.87,5.09,50.05,126.09,223.56,25.43,43.79,62.54,0.89,2530.68,146.44,14.13,5.69,37.6,2.38,1.2,?,?,0.51,14.42,2.91,0.87,1.14,1.66,17.28,?,0.79,0.9
39,56,NGT,5.4,m,1.85,87,25.4,?,?,?,?,?,9.9,4.92,195,4.6,0.91,0.59,0.52,4.17,49.5,?,?,85,1.29,5.7,1.45,3.64,?,45.1,?,4.92,13.3,?,13.11,1.3,0.05,?,?,?,29.74,5.03,1.94,5.35,53.97,110.81,176.03,24.9,48.12,55.66,0.95,2143.66,135.39,14.71,5.83,39.41,2.5,1.16,?,?,0.5,13.69,3.3,0.93,1.18,1.86,13.83,?,0.78,0.82
40,37,NGT,5.9,m,1.96,104,27.1,?,?,?,?,?,9.1,5.46,292,8.8,0.7,0.57,1.7,5.23,16.5,?,?,74,1.58,5.75,1.33,3.73,72.7,41.8,?,?,?,462.4,19.13,0.6,0.12,113,102,0.09,21.38,3.58,1.09,2.2,30.35,76.1,151.81,14.22,29.3,34,0.67,1618.58,93.63,8.9,5.03,36.92,1.81,1.28,?,?,0.41,9.23,2.42,0.59,0.8,0.9,8.87,?,0.78,0.97
41,57,T2D,5.3,m,1.72,102,34.5,?,?,?,?,?,8.6,4.19,271,7.1,0.42,0.44,0.74,10.21,264.8,?,?,119,0.9,5.61,1.2,4.5,80.9,46.3,0.77,4.65,16.5,588.4,17.2,17.3,0.37,?,?,0.17,26.19,5.3,1.96,6.14,48.59,98.81,177.04,20.09,42.38,51.6,1.03,1927.42,122.52,12.19,6.21,39.56,2.7,1.34,?,?,0.5,9.19,3.09,1.48,0.98,1.25,32.49,?,0.8,0.93
42,53,NGT,5.7,m,1.72,87,29.4,?,?,?,?,?,9.5,4.96,248,6.1,0.85,0.69,1.63,4.85,16.3,?,?,86,2.9,7.68,1.09,5.9,80.2,46.1,0.54,6.21,12.1,?,8.96,0.5,0.15,?,?,0.1,22.76,3.76,1.35,2.29,35.66,91.12,157.05,15.08,30.54,42.79,0.84,1622.5,107.27,9.95,4.14,34.13,1.71,1.02,?,?,0.43,10.4,3.16,0.92,0.79,1.02,18.36,?,0.76,0.89
43,45,NGT,5,m,1.93,115,30.9,?,?,?,?,?,9.5,5.44,231,5.9,0.45,0.41,0.36,5.13,34.5,0.71,?,70,3.72,4.98,0.73,3.47,71.4,45.7,0.02,4.57,24.2,11.8,13.02,1.1,0.16,105,70,1.12,25.48,4.46,1.68,5.81,45.2,99.66,157.67,19.72,42.44,46.75,0.96,1893.39,107.35,13.16,5.15,36.62,2.2,1.28,?,?,0.41,7.43,3.15,0.77,0.9,1.04,20.66,?,0.82,1.13
44,54,T2D,6.2,m,1.75,78,25.5,18.9,?,?,?,?,8.3,4.42,263,10.9,0.43,0.61,0.19,6,236.5,?,?,82,0.74,3.85,1.55,1.93,72,46.8,2.17,5.72,22.2,?,?,9.1,0.64,130,82,0.2,37.69,6.66,2.21,4.82,61.25,139.93,249.49,28.81,52.29,73.38,1.48,2740.61,174.79,17.25,3.66,32.1,1.93,1.67,?,?,0.51,14.08,4.11,0.6,1.15,1.73,43.84,?,0.83,1.08
45,55,NGT,5.8,m,1.8,130,40.1,?,?,?,?,?,6.9,3.48,98,4.7,0.3,0.42,1.82,5.66,84.3,?,?,112,0.96,3.31,0.69,2.1,77.6,43.7,1.31,4.72,17,?,?,3.1,0.55,?,?,1.44,33.84,5.56,1.76,4.05,52.75,129.86,223.93,24.25,40.73,58.78,0.92,2685.79,151.74,14.79,7.72,47.02,2.32,1.92,?,?,0.6,15.87,3.2,0.95,0.78,1.01,10.19,?,0.82,0.86
46,45,T2D,7.1,m,1.95,117,30.8,?,?,?,?,?,9.3,4.42,186,8.2,1.31,0.92,1.44,6.36,178,?,?,64,1.86,6.13,1.51,3.65,82,49.8,0.8,6.1,19.5,?,?,7.2,1.21,119,88,1,28.54,4.61,1.26,2.97,43.3,109.67,198.15,21.16,40.78,46.04,0.97,2175.23,135.11,13.48,3.76,33.3,1.97,0.84,?,?,0.49,11.63,2.63,0.64,0.92,1.33,26.67,?,0.76,0.89
47,54,NGT,5.9,m,1.8,113.5,35,36.4,?,?,?,?,10.1,5.44,291,9.1,1.41,0.73,1.19,4.32,16.9,?,?,89,2.15,5.72,1.06,3.23,72.7,45.4,2.18,4.93,14.3,262.7,20.34,0.5,0.24,143,96,2.37,30.46,5.36,1.31,4.7,51.21,111.45,207.18,21.32,43.48,60.52,1.23,2000.75,151.88,14.59,3.36,31.95,1.74,1.38,?,?,0.7,33.13,3.23,0.94,0.8,1.24,15.95,?,0.76,0.91
48,67,T2D,6.3,m,1.72,109.3,36.9,32.9,?,?,?,?,9.5,4.98,206,12.5,0.57,0.64,0.4,7.65,129.4,0.28,?,102,2.7,5.79,0.96,3.46,75.6,47.3,0.93,5.43,15.1,?,?,6.3,0.43,162,94,?,29.33,5.5,1.55,5.41,56.39,126.29,198.27,22.4,50.57,57.48,1.61,1901.27,148.85,15.29,5.58,37.45,2.43,1.01,?,?,0.65,22.57,3.26,1.38,0.94,1.49,46.81,?,0.75,0.76
49,44,NGT,4.3,m,1.81,115.6,35.3,35.6,?,?,?,?,9.5,4.65,164,4.2,0.47,0.6,6.09,5.05,132.5,?,?,82,12.13,7.38,1.06,2.44,74.1,46,1.93,6.48,15.8,79.6,14.53,4.3,0.09,135,90,0.2,23.07,4.01,0.92,3.14,30.47,75.63,154.13,15.73,27.57,42,0.82,1679.64,113.86,7.98,3.51,31.04,1.79,1.05,?,?,0.43,15.32,2.27,0.62,0.73,0.93,8.62,?,0.79,0.84
50,62,T2D,5.8,m,1.74,118.7,39.2,34.7,77.5,?,?,?,8.7,4.69,223,6.9,0.38,0.38,0.81,5.56,224.4,?,?,69,3.04,4.42,0.63,2.78,71.7,39,0.38,8.2,17.8,230.8,9.43,8,0.98,?,?,13.89,24.04,4.04,1.88,5.9,40.03,90.08,147.28,19.26,38.54,40.91,0.74,1695.22,127.29,11.98,5.8,38.8,2.4,1.78,?,?,0.48,12.24,3,1.17,0.87,0.7,36.19,?,0.9,0.91
51,53,NGT,5.9,m,1.62,78,29.7,?,?,102,116,0.88,8.5,4.37,352,8.4,0.36,0.51,1.25,5.61,83.4,1.01,4.29,65,1.21,9.03,1.7,5.92,67.6,46.4,1.32,3.64,14,118.2,?,3,0.18,145,76,1.41,29.8,4.52,1.45,1.29,34.57,108.53,210.76,22.11,36.88,45.62,0.64,2317.2,152.5,12.53,5.72,40.61,2.22,1.16,?,?,0.4,6.19,2.39,0.92,0.76,0.28,5.13,?,0.79,0.92
52,70,NGT,6,m,1.7,117.6,40.7,39.2,71.5,?,?,?,8.9,4.67,190,7.3,0.35,0.54,0.54,5.2,446.4,2.38,?,76,2.34,4,1.21,2.2,73.8,43.6,1.8,4.24,14.3,293.2,4.38,14.9,0.16,?,?,1.35,17.29,2.59,1.15,1.3,24.54,68.89,116.99,11.72,22.11,29.9,0.45,1268.08,94.44,7.4,4.06,33.53,2.04,1.19,?,?,0.44,15.47,2.4,0.77,0.69,0.64,18.34,?,0.81,0.9
53,51,NGT,5.7,m,1.85,115.9,33.9,30,81.1,109,105,1.04,10.2,5.28,197,6.3,0.83,0.74,0.56,5.37,16.3,1.31,?,64,4.47,5.4,0.8,3.33,83,54.2,0.66,5.98,15.3,314.4,10.14,0.6,0.33,?,?,0.2,23.92,3.99,1.45,2.95,33.07,84.08,167.61,17.6,29.39,40.65,0.75,1766.52,136.67,11.04,4.22,33.76,2.13,1.05,?,?,0.55,20.44,2.56,0.81,0.73,0.67,4.72,?,0.79,0.88
54,53,NGT,5.6,m,1.74,93.2,30.8,27.8,67.3,122,116,1.05,9.8,5.28,252,6.5,0.59,0.54,0.91,5.64,134.2,1.1,?,61,1.66,5.08,1.13,3.29,81.8,46.2,1.88,5.1,13.2,369,10.53,4.8,0.22,170,90,0.25,23.8,3.85,1.02,1.04,29.39,84.36,169.79,17.98,29.93,40.56,0.78,1783.92,129.63,11.16,5.02,37.22,2.24,1.18,?,?,0.43,10.52,2.55,1.03,0.73,0.62,12.26,?,0.73,0.87
55,45,NGT,5.9,m,1.73,98,32.7,31.3,67.3,118,114,1.04,9,5.38,412,8.9,0.83,0.57,1.45,5.34,99.7,1.03,?,74,1.17,5.18,1.15,3.3,80.3,41.4,0.58,5.71,23,231.6,12.43,3.4,0.17,130,90,?,22.03,3.65,0.91,1.1,29.08,77.91,152.83,15.84,26.44,35.71,0.68,1642.41,114.02,8.95,4.87,35.26,2.18,1.33,?,?,0.42,9.56,2.41,0.76,0.75,0.77,26.32,?,0.83,0.86
56,46,NGT,6,m,179,127.6,39.8,46.1,68.8,?,?,?,?,?,?,?,?,?,?,5.1,98.6,?,?,98,?,?,?,?,?,?,?,?,?,?,?,3.2,0.3,?,?,3.18,?,?,?,?,?,?,?,?,?,?,?,?,?,?,?,?,?,?,?,?,?,?,?,?,?,?,?,?,?,?
57,62,T2D,6.6,m,1.83,109,32.5,24.6,82.2,133,113,1.18,9.3,4.48,172,7.6,0.46,0.44,0.37,8.83,175,?,?,139,?,5.22,?,?,73,41.7,1.85,4.36,13.2,?,?,9.9,1.26,110,70,?,?,?,?,?,?,?,?,?,?,?,?,?,?,?,?,?,?,?,?,?,?,?,?,?,?,?,?,?,?,?
58,60,T2D,9.5,m,1.78,88,27.8,26.4,?,106,98,1.08,9.3,5.27,256,9.2,0.85,0.65,0.56,6.34,95.3,?,?,83,1.18,3.94,0.95,2.53,74.8,46.6,0.64,4.83,19.7,?,?,3.9,0.65,140,84,0.23,?,?,?,?,?,?,?,?,?,?,?,?,?,?,?,?,?,?,?,?,?,?,?,?,?,?,?,?,?,?
59,49,T2D,9.1,m,1.74,102,33.7,36.8,?,115,113,1.02,9.2,5.04,269,5.8,0.49,0.35,0.7,5.39,263.3,?,?,78,2.56,4.35,0.79,2.62,69.5,47,1.9,5.56,16.8,?,?,9.1,0.55,135,95,0.19,41.71,7.08,2.36,5.32,45.49,140.38,267.21,34.67,66.81,74.15,1.42,2665.18,231.8,21.52,7.51,42.57,2.75,2.83,?,?,0.81,29.27,4.1,1.34,1.15,1.3,40.16,?,0.91,1.26
60,60,T2D,5.8,m,1.8,120,37,?,?,?,?,?,8.6,5.68,310,10.5,0.25,0.45,0.51,6.37,125.5,?,?,145,4.12,4.5,1.15,2.09,67.9,39,3.6,5,17.1,?,?,5.1,0.96,159,99,0.23,27.98,4.51,0.96,1.42,39.39,99,182.66,18.79,30.52,46.12,0.86,1973.15,146.29,11.27,4.13,34.36,2.06,1.35,?,?,0.46,14.82,2.45,0.98,0.68,0.39,9.66,?,0.75,0.88
61,56,NGT,5.8,m,1.75,119.6,39.1,45.7,64.8,?,?,?,?,?,?,?,?,?,?,5.39,10.2,?,?,102,?,?,?,?,?,?,?,?,?,?,?,0.4,0.2,?,?,21.07,20.6,3.18,0.79,0.96,26.78,68.89,138.16,15.23,23.3,31.89,0.5,1581.99,107.86,8.68,4.14,33.45,1.93,0.82,?,?,0.39,10.26,2.28,0.66,0.67,0.35,3.99,?,0.73,0.74
62,43,NGT,5.3,m,1.82,93,28.1,?,?,100,104,0.96,8.5,4.56,219,4.8,0.61,0.49,0.53,5.65,184.9,2.06,8.03,61,1.79,5.31,1.39,3.28,72.4,47.6,0.86,6.67,21.8,451.6,13.84,6.7,0.26,121,80,0.77,31.46,5.65,2.64,3.98,45.62,128.13,216.95,23.58,36.59,51.02,1.02,2392.2,182.59,15.05,4.37,35.56,1.81,0.82,?,?,0.42,10.94,2.98,1.15,0.91,1.23,15.18,?,0.79,0.98
63,48,NGT,5.4,m,1.72,115.4,39,49.5,58.3,?,?,?,7.6,4,344,8.8,0.89,0.58,0.86,4.09,126.6,1.19,2.48,69,1.5,5.81,2,3.13,?,?,2.49,?,?,694,0.57,3.3,0.22,?,?,1.77,24.91,4.13,1.15,1.12,35.47,93.52,164.64,18.91,32.89,43.22,0.95,1927.33,115.04,11.96,6.66,40.76,2.53,0.8,?,?,0.41,11.75,2.77,0.6,2.12,0.74,7.32,?,0.81,0.94
64,53,NGT,5.7,m,1.87,124,35.5,31.5,84.9,125,123,1.02,10.3,5.31,244,7.2,1.09,0.64,1.32,5.31,227.3,1.84,8.95,88,3.95,5.09,0.79,2.52,71.8,49.5,1.18,6.25,18.8,501.8,11.3,7.7,0.31,114,89,?,24.79,4.07,1.14,3.26,37.75,92.07,155.6,19.33,28.14,38.86,0.73,1876.99,107.43,12.17,4.91,35.71,2.11,1.13,?,?,0.4,7.78,2.72,0.63,0.76,0.97,21.7,?,0.73,0.84
65,66,NGT,5.9,m,1.69,97.2,34,47.9,50.6,?,?,?,8.2,4.47,225,4.4,0.95,0.71,0.79,5.93,114.7,1.44,3.6,50,1.07,5.31,1.01,3.69,?,?,1.48,?,?,0.74,8,4.4,0.36,138,92,1.27,24.64,3.86,0.93,0.77,29.62,82.91,163.06,18.46,31.21,38.45,0.69,1868.72,107.38,10.18,4.62,39.48,2.15,0.8,?,?,0.45,15.51,2.41,0.63,0.87,0.9,6.1,?,0.73,0.84
66,38,NGT,5.3,m,1.66,102,37,35.4,?,102,123,0.83,8.6,5.34,175,7.6,0.49,0.46,0.22,5.94,197.7,1.68,?,66,1.47,4.96,1.29,3.2,61.4,38.9,1.55,4.14,16.7,157.7,?,7.5,0.45,136,78,0.12,17.35,2.65,1.04,0.97,23.31,80.7,116.17,13.96,23.25,27.8,0.59,1314.78,77.95,8.06,3.47,30.82,1.78,0.42,?,?,0.49,14.93,3.02,0.5,0.84,0.77,16.24,?,0.73,0.87
67,59,NGT,5.8,m,1.76,99.1,32,21.9,77.4,115,100,1.15,8.3,4.74,216,6.1,0.44,0.52,0.74,5.1,31.2,0.62,?,72,0.65,4.02,1.74,1.86,69.6,44.6,0.4,4.95,16.6,?,?,1,0.09,122,90,0.4,29.58,5.11,1.2,1.43,42.59,173.93,188.16,26.45,33.99,49.31,0.74,2214.03,119.02,12.04,6.39,37.6,2.32,0.8,?,?,0.44,10.84,2.56,0.84,0.97,1.06,13.99,?,0.75,0.87
68,52,T2D,7.4,m,1.79,127.5,39.8,25.1,95.5,134,119,1.13,8.3,4.9,159,5.7,0.84,0.74,0.93,6.55,141,0.19,?,72,4.57,3.37,0.86,1.04,71.2,46.2,1.28,5.33,17.3,308.5,5.82,5.9,0.36,?,?,24.55,23.66,3.57,0.69,0.74,27.34,87.36,167.54,18.53,22.77,37.39,0.66,1798.99,105.98,10.08,3.49,28.41,1.76,0.84,?,?,0.4,12.12,2.03,0.5,0.56,0.64,9.68,?,0.72,0.73
69,34,NGT,5.7,m,1.81,82,25,?,?,85,102,0.83,8.8,4.9,231,3.9,0.72,0.57,0.5,4.98,42.8,0.64,0.93,90,1.15,5.41,1.18,3.67,65.3,47.6,1.57,4.98,19.1,436.7,22.97,1.4,0.21,160,80,0.45,33.01,5.66,1.45,1.43,49.19,120.09,214.71,26.56,37.96,55.01,1.27,2488.5,138.13,13.94,4.58,34.81,2.03,0.76,?,?,0.46,12.23,2.9,0.62,0.84,0.55,3.51,?,0.75,0.86
70,46,NGT,5.5,m,1.71,95.6,32.7,43.5,54,?,?,?,7.8,4.19,354,8.6,0.76,0.5,0.51,5.52,96.1,1.14,4,86,2.43,5.48,1.08,3.4,?,?,1.96,?,?,347.6,1.79,3.4,0.14,109,65,0.25,24.08,3.65,0.89,0.65,29.37,94.99,159,20.07,25.18,35.38,0.54,1848.52,104.08,9.75,4.05,33.76,1.98,0.51,?,?,0.39,9.98,2.27,0.73,0.78,0.58,10.27,?,0.73,0.85
71,61,T2D,6.5,m,1.86,125.5,36.3,40.3,87,?,?,?,9.7,5.07,163,6.8,0.66,0.36,0.69,11.91,25.8,0.35,5.4,89,2.88,5.26,1.02,3.29,?,?,1.9,?,?,7.65,20,2,1.19,144,98,1.89,27.88,4.94,0.94,0.5,37.83,117.11,182.1,23.44,36.26,22.37,0.69,2136.39,149.86,11.6,5.97,42.42,2.28,1.19,?,?,0.38,6.21,2.62,0.86,0.69,0.19,12.3,?,0.75,0.83
72,51,T2D,6.7,m,1.73,118.5,39.6,41.8,69,128,140,0.91,?,?,?,?,?,?,?,5.38,88.6,0.55,?,59,?,?,?,?,?,?,0.58,5.25,14.2,181.4,?,3.1,0.56,?,?,?,27.59,4.49,0.62,0.53,32.63,110.18,175.37,23.44,28.23,42.64,0.9,2000.75,120.68,9.83,3.98,35.71,1.92,1.02,?,?,0.43,15.23,2.4,0.6,0.76,0.68,15.35,?,0.75,0.76
73,67,T2D,6.5,m,1.8,115,35.5,30.9,79.5,114,106,1.08,9.6,5.09,159,7,0.47,0.61,0.47,6.94,273.8,1.12,4.2,87,1.5,3.48,1.43,1.3,?,?,0.69,?,?,382.1,12.45,12.2,1.26,139,90,0.1,27.45,4.28,1.02,0.81,37.06,111.07,187.01,21.18,32.03,41.38,0.84,2063.27,121.37,12.63,4.19,34.96,1.7,1.84,?,?,0.58,23.22,2.47,0.71,0.83,0.24,14.93,?,0.79,0.91
74,56,T2D,7.1,m,1.83,123,36.7,32.5,83,119,98,1.21,9.4,5.03,211,7.7,?,0.64,0.52,7.54,155.7,2.08,11.85,114,4.05,5.11,1.15,2.52,77.6,46.4,2.04,5.27,15.3,197.2,10.13,7.5,0.58,120,70,3,23.86,3.58,0.88,0.55,25.39,81.2,152.2,17.21,26.71,34.13,0.69,1830.99,104.28,10.01,4.99,37.97,2.11,1.05,?,?,0.4,7.69,2.14,0.74,0.72,0.51,6.9,?,0.75,0.89
75,49,T2D,6,m,1.57,67.5,27.4,31.7,46.1,?,?,?,9.3,5.09,204,6.4,0.46,0.54,0.7,10.63,262,1.07,?,70,2.74,4.81,1.4,2.84,72.2,?,0.71,5,15.1,?,?,17.8,0.78,?,?,?,22.02,3.52,0.81,1.06,29.44,81.67,148.7,18.23,23.34,33.06,0.71,1675.5,92.65,9.36,4.77,39.63,2.2,0.75,?,?,0.45,9.07,2.43,0.78,0.66,0.17,13.96,?,0.78,0.9
76,36,T2D,7.4,m,1.88,129.3,36.6,36.5,79,?,?,?,9.4,4.96,234,9.7,0.48,0.43,0.74,7.86,188.7,0.6,10.99,65,3.41,6.31,0.72,4.43,?,?,2.03,?,?,?,2.54,9.5,0.94,?,?,2.37,28.01,3.99,0.78,0.71,32.64,89.28,168.69,23.66,30.73,44.26,0.55,2075.25,132.06,10.47,7.29,42.72,2.63,1.4,?,?,0.4,7.46,2.35,0.89,0.63,0.28,9.47,?,0.78,0.9
77,55,T2D,6.5,m,176,114,36.8,35.9,73,?,?,?,?,?,?,?,?,?,?,8.64,168.3,?,?,95,?,?,?,?,?,?,?,?,?,?,?,9.3,0.9,130,80,2.95,29.99,4.47,0.89,0.65,33.44,113.12,197.95,23.06,29.03,44.15,0.76,2237.95,131.59,11.98,5.96,39.33,2.32,1.09,?,?,0.42,10.45,2.19,0.94,0.78,0.83,5.64,?,0.77,0.85
78,54,T2D,5.8,m,1.82,123,37.1,35.6,?,127,124,1.02,8.3,4.54,358,11,0.32,0.43,0.44,5.25,74.5,1.27,3.68,83,1.35,4.61,1.12,2.76,74.7,43.7,3,4.14,14.2,238.5,8.96,2.5,0.5,?,?,?,18.74,2.99,0.84,0.7,28.51,66.37,119.93,14.78,23.7,30.57,0.46,1480.95,81.08,8.17,4.78,37.07,2.07,1.81,?,?,0.45,6.59,2.58,0.81,0.87,0.7,31.4,?,0.82,0.96
79,58,NGT,4.9,m,1.85,110,32.1,?,84.4,105,112,0.94,8.4,4.47,155,4.1,0.32,0.37,0.23,4.37,13.5,0.78,3.56,85,0.79,3.59,1.45,1.9,67.7,47.2,2.6,4.15,13.1,487.6,10.33,0.4,0.15,147,85,0.24,34.95,5.83,1.17,1.48,45.31,123.44,224.46,27.98,42.56,53.23,0.73,2532.02,146.68,12.34,3.96,32.32,1.6,0.83,?,?,0.47,12.76,2.98,0.66,0.85,0.76,7.82,?,0.75,0.81
80,41,NGT,5.9,m,1.81,114.9,35.1,38.9,77,?,?,?,10.4,5.27,218,7.6,1.31,0.69,1.16,3.9,142.1,1.73,10.36,59,4.75,8.43,1.13,5.45,?,?,1.72,?,?,153.5,9.18,3.5,0.16,?,?,?,28.19,3.88,0.78,0.64,27.24,89.68,175.73,18.88,22.07,39.41,0.7,1980.44,120.29,11.39,4.14,35.86,1.98,1.41,?,?,0.4,7.51,2.22,0.65,0.68,0.23,8.51,?,0.86,0.96
81,55,T2D,6.5,m,1.55,86.8,36.1,45.2,47.5,106,122,0.87,8.8,5.15,279,9.4,0.36,0.46,0.35,6.61,86.5,1.03,6.55,64,1.96,5.1,0.85,3.53,?,?,1.4,?,?,498,?,3.7,1.06,?,?,?,26.9,4.19,0.93,0.9,33.22,89.87,184.21,21.55,30.22,40.74,0.85,1990.16,123.82,12.04,5.26,38.65,2.14,2.26,?,?,0.45,16.33,2.46,0.67,0.85,0.8,10.65,?,0.79,0.89
82,54,T2D,6.1,m,1.76,120.5,38.9,37.2,75.7,130,123,1.06,7.8,4.2,239,6.8,0.36,0.42,0.35,5.4,35.3,0.77,4.64,44,1.51,4.94,1.12,2.88,71.5,47,0.63,4.31,12.9,277.1,?,1.2,1.28,?,?,8.19,38.69,5.96,1.03,1.9,44.62,122.01,239.65,29.21,37.61,60.26,0.89,2739.66,161.42,17.18,4.67,35.79,2.04,1.47,?,?,0.57,29.27,2.29,0.72,0.74,0.72,5.27,?,0.77,0.83
83,51,T2D,7.9,m,1.83,93,27.8,28.7,?,105,104,1.01,9.6,5.21,290,7.8,0.66,0.58,0.64,6.46,33.7,0.65,6.15,59,2.14,4.72,1.07,2.75,74.4,49.3,0.75,5.41,14.1,290.1,8.12,1.4,0.46,110,71,0.22,42.23,6.65,1.3,1.91,53.24,165.2,277.75,35.19,39.71,71.45,1.46,2984.9,203.05,17.25,6.53,42.42,2.46,1.9,?,?,0.54,16.63,2.89,1.19,0.87,0.76,19.81,?,0.81,0.83
84,61,NGT,5.5,m,1.5,93,41.3,52.1,44.5,110,?,?,8.3,5.04,356,9,0.2,0.41,0.47,5.65,72.1,0.87,3.1,82,0.96,6.74,1.85,4.7,?,?,3.17,?,?,1,73,2.6,0.64,?,?,1.27,27.89,4.06,0.93,0.76,33.16,100.75,193.41,20.76,26.89,43.79,0.68,2104.24,134.07,11.07,3.41,32.32,1.94,1.31,?,?,0.39,7.57,2.27,0.7,0.71,0.36,8.6,?,0.78,0.87
85,59,NGT,6,m,1.76,129.2,41.7,48.3,66.8,?,?,?,8.1,4.51,315,6.9,0.27,0.3,0.22,5.96,40.7,0.83,0.5,62,1.21,5.61,1.24,3.47,?,?,?,?,?,603.5,?,1.6,0.23,?,?,1.97,27.01,4.27,0.67,0.5,33.29,114.99,188.1,22.78,34.05,41.47,0.65,2010.91,118.81,10.35,5.54,41.21,2.29,1.54,?,?,0.44,10.21,2.13,0.89,0.62,0.07,8.98,?,0.75,0.91
86,59,NGT,5.7,m,1.74,129.9,42.9,46.6,69.4,?,?,?,8.3,4.43,227,4.9,1.06,0.95,0.29,5.45,152.7,1.68,5.18,62,1.66,4.81,1.03,3.14,72,42.4,2.81,4.9,15.4,371.9,?,5.3,0.16,?,?,?,21.63,2.92,0.72,0.16,22.63,152.14,146.52,18.6,13.91,31.88,0.58,1525.43,98.28,7.61,3.77,32.85,1.94,1.16,?,?,0.4,4.08,1.96,0.64,0.61,0.1,6.95,?,0.73,0.81
87,72,NGT,5.6,m,1.8,138,42.6,46.7,73.5,113,138,0.82,9.3,4.95,299,9,0.58,0.52,0.66,5.66,114.6,0.93,4.15,51,0.72,3.68,1.19,1.91,72.9,46.5,2.3,5.2,16.4,439.2,1.64,4.2,0.37,?,?,?,24.91,3.56,0.64,0.38,15.16,111.3,169.65,22.49,20.42,37.42,0.65,1781.37,110.65,9.57,6.05,35.86,2.25,1.34,?,?,0.43,25.28,2.01,0.93,0.56,0.17,2.83,?,0.75,0.88
88,73,NGT,5.4,m,1.74,118,39,45.9,63.8,118,138,0.86,8.2,4.27,171,7.1,0.75,0.48,0.8,4.68,54.8,1.01,3.75,60,2.65,5.64,1.2,3.64,67.5,43.2,1.34,5.28,13.8,209.9,0.56,1.6,0.25,?,?,3.04,24.8,3.74,0.61,0.44,27.93,95.35,162.17,18.97,25.08,34.41,0.57,1806.74,103.5,10.16,4.23,34.96,2,0.47,?,?,0.4,12.11,1.99,0.67,0.64,0.11,6.05,?,0.7,0.8
89,60,NGT,5.34,m,1.84,147,43.4,?,?,?,?,?,9.4,4.67,208,6,0.66,0.76,1.29,5.84,124.5,1.69,11.6,102,?,?,?,?,?,?,1.8,?,?,?,9.2,4.7,0.22,?,?,?,22.07,3.14,0.84,0.43,24.48,80.37,147.24,18.59,21.4,33.38,0.49,1689.95,98.61,9.24,4.67,33.6,1.93,0.39,?,?,0.54,25.62,2.11,0.67,0.6,0.08,2.24,?,0.75,0.79
90,58,NGT,5.76,m,1.86,145.3,42,37.3,91.1,?,?,?,?,?,?,?,0.43,0.65,0.38,5.31,65.3,?,?,102,2.03,3.15,1.05,1.48,69.3,43.7,3.68,?,?,185.5,5.74,2.2,0.35,?,?,?,22.28,3.11,0.66,0.39,24.48,100.3,146.88,19.74,19.74,32.19,0.48,1646.45,92.23,9.3,3.66,32.85,1.93,0.47,?,?,0.52,22.81,2.06,0.61,0.62,0.09,2.6,?,0.72,0.81
91,33,T2D,6.4,m,160,108.5,42.4,50.1,54,?,?,?,8.7,4.42,261,6,0.57,0.41,1.21,5.3,138.9,1.3,3,72,2.04,5.95,1.47,3.63,?,?,0.66,?,?,1.52,116,4.7,0.99,?,?,?,30.41,4.34,0.7,0.29,34.16,105.62,198.63,23.55,29.44,45.08,0.88,2088.21,137.11,11.52,5.12,36.54,2.22,1.04,?,?,0.47,20.53,2.19,0.77,0.64,0.07,7.58,?,0.74,0.81
92,37,T2D,7.9,m,1.64,106,39.4,49.3,53.7,116,129,0.9,8.3,4.82,299,7.7,0.28,0.26,0.37,4.87,479.9,2.86,?,48,1.39,3.19,1.17,1.34,64.9,41.1,1.1,4.62,13.9,221.4,?,15,0.84,?,?,11.11,29.81,4.42,0.68,0.19,32.47,109.62,199.89,24.43,25.48,48.15,0.8,2163.85,124.48,11.07,6.78,39.48,2.51,0.53,?,?,0.43,13.25,2.2,0.71,0.67,0.08,6.28,?,0.73,0.63
93,64,NGT,5.71,m,1.69,98.1,34.3,39.5,68.9,?,?,?,11.8,6,240,7.1,0.72,0.72,0.69,5.72,52.5,0.91,2.3,75,0.93,4.87,1.66,2.85,?,?,1.79,?,?,27.6,203,1.9,0.25,126,101,0.1,24.13,3.37,0.68,0.52,26.61,86.16,154.35,16.77,23.76,34.7,0.68,1564.94,101.71,9.45,4.64,35.19,2.05,0.35,?,?,0.4,12.71,2.02,0.56,0.63,0.06,3.33,?,0.74,0.8
94,62,NGT,5.84,m,2.06,157,37,32.8,?,?,?,?,9.4,5.19,255,6.8,0.59,0.47,0.42,5.74,183,1.68,5.3,79,0.86,4.75,1.06,3.3,?,?,0.42,?,?,238.3,7.51,6.7,0.27,162,95,0.1,22.1,3.11,0.68,0.29,24.17,72.03,145.8,16.12,22.69,32.94,0.44,1750.66,93.92,9.04,5,36.32,2.18,0.54,?,?,0.39,13.84,2.02,0.82,0.65,0.07,4.53,?,0.72,0.81
95,52,NGT,5.4,m,1.71,101.8,34.8,45.6,55.3,?,?,?,8.1,4.61,249,6.9,0.31,0.42,0.45,5.39,162.6,1.34,2.4,74,0.87,5.47,1.49,3.29,?,?,1.66,?,?,0.89,491,5.6,0.29,127,86,0.18,23.77,3.59,0.68,0.28,27.97,86.17,153.13,16.96,28.34,34,0.6,1563.09,102.94,8.94,3.78,34.73,1.9,1.06,?,?,0.44,16.86,2.06,0.57,0.63,0.09,10.88,?,0.7,0.84
96,45,T2D,5,m,1.71,102.3,35,28,73.6,?,?,?,10.1,5.28,170,8.5,0.65,0.66,1.44,5.09,25.3,0.82,4.5,79,2.66,4.77,0.79,3.09,67.9,43.6,3.84,?,?,20.3,117,0.8,0.44,130,80,5.5,26.08,3.54,0.68,0.54,29.46,92.65,142.7,18.61,24.86,34.45,0.45,1958.85,88.43,10.28,4.29,33.6,1.86,0.67,?,?,0.43,11.39,2.12,0.51,0.57,0.05,14.59,?,0.73,0.79
97,61,NGT,5.84,m,1.84,131,38.7,37.9,81.2,?,?,?,7.4,4.18,395,10.1,0.3,0.35,1.02,5.77,135.7,2.09,23.8,85,2,4.18,1.09,2.37,?,?,0.63,?,?,9.73,208,5,0.36,?,?,?,17.72,2.28,0.64,0.14,19.22,73.75,102.24,13.22,16.04,23.32,0.44,1215.93,115.27,7.31,4.28,32.17,1.67,0.78,?,?,0.4,9.44,2.08,0.71,0.59,0.06,11.72,?,0.74,0.77
98,61,NGT,5.23,m,1.79,125.7,39.2,36.8,79.5,?,?,?,9.1,4.76,172,7.8,0.43,0.44,0.73,5.06,83.5,1.15,2.8,71,3.05,5.99,1.06,3.91,?,?,1.36,?,?,9.03,56,2.7,0.39,?,?,?,17.7,2.23,0.59,0.14,18.47,58.04,103.94,13.67,16.46,25.51,0.36,1345.14,58.26,6.93,3.27,30.89,1.74,0.37,?,?,0.38,8.63,1.93,0.41,0.57,0.04,5.63,?,0.72,0.72
99,38,T2D,6.6,m,1.74,125,41.7,46.9,66.7,135,137,0.99,8.3,4.84,196,5.9,0.43,0.43,0.35,7.04,101.2,0.9,3.18,57,1.55,6.06,1.92,3.5,?,?,0.71,?,?,?,1.49,4.6,0.76,?,?,0.08,26.57,3.33,0.71,0.66,27.69,83.08,137.81,20.68,29.82,33.32,0.69,1708.75,114.61,10.52,6.52,40.24,1.92,0.56,?,?,0.44,11.7,2.03,0.92,0.62,0.06,7.85,?,0.72,0.87
100,54,NGT,5.2,m,1.8,129.9,40.1,30.6,90.4,?,?,?,8.5,4.61,219,3.7,1.16,1.08,0.64,5.87,125.5,1.4,6.5,91,1.47,4.76,0.98,3.19,?,?,3.34,?,?,11.5,93,4.7,0.35,?,?,19.5,25.26,3.4,0.64,0.48,27.47,87.2,138.5,19.72,25.37,32.96,0.51,1814.63,82.86,9.83,4.57,35.79,2.17,0.81,?,?,0.42,11.45,1.99,0.77,0.57,0.06,5.39,?,0.74,0.82
